{
  "lang":"en",
  "name":"pipeline",
  "version":"0.0.0",
  "spacy_version":">=3.8.5,<3.9.0",
  "description":"",
  "author":"",
  "email":"",
  "url":"",
  "license":"",
  "spacy_git_version":"d0c705c",
  "vectors":{
    "width":300,
    "vectors":342918,
    "keys":684830,
    "name":"en_vectors",
    "mode":"default"
  },
  "labels":{
    "tok2vec":[

    ],
    "ner":[
      " DEVELOP",
      "DOMAIN",
      "EDUCATION",
      "EXPERIENCE",
      "LANGUAGE",
      "RESPONSIBILITY",
      "SKILLS",
      "SOFT-SKILLS"
    ]
  },
  "pipeline":[
    "tok2vec",
    "ner"
  ],
  "components":[
    "tok2vec",
    "ner"
  ],
  "disabled":[

  ],
  "performance":{
    "ents_f":0.7785880013,
    "ents_p":0.7822177822,
    "ents_r":0.7749917519,
    "ents_per_type":{
      "SKILLS":{
        "p":0.7722921914,
        "r":0.8072669826,
        "f":0.789392379
      },
      "DOMAIN":{
        "p":0.4812030075,
        "r":0.3368421053,
        "f":0.3962848297
      },
      "EDUCATION":{
        "p":0.820952381,
        "r":0.771019678,
        "f":0.795202952
      },
      "EXPERIENCE":{
        "p":0.8672566372,
        "r":0.8448275862,
        "f":0.8558951965
      },
      "LANGUAGE":{
        "p":0.9681528662,
        "r":0.9620253165,
        "f":0.9650793651
      },
      "RESPONSIBILITY":{
        "p":0.0,
        "r":0.0,
        "f":0.0
      },
      "SOFT-SKILLS":{
        "p":0.7888888889,
        "r":0.7553191489,
        "f":0.7717391304
      }
    },
    "tok2vec_loss":6713.9929979368,
    "ner_loss":2010.4741210938
  }
}